{
  "epoch": 3,
  "global_step": 4000,
  "avg_total_loss": 11.101191864013671,
  "avg_ce_loss": 6.743276033401489,
  "avg_kd_loss": 16.843393278121948,
  "avg_hidden_loss": 9.921964120864867,
  "avg_tokens_per_sec": 1123.3131815836236,
  "mode": "ce_kl_hidden"
}