{
  "epoch": 2,
  "global_step": 2500,
  "avg_total_loss": 9.800521574020387,
  "avg_ce_loss": 6.484413843154908,
  "avg_kd_loss": 16.395601949691773,
  "avg_attn_loss": 0.0007373130353516899,
  "avg_tokens_per_sec": 971.6270950266991,
  "mode": "ce_kl_attention"
}